cell_x,cell_y,predicted_time
12,21,1.3412036529585336
13,22,1.23614203729435
14,14,1.9455760747434636
